,Country,Year,Population
0,Afghanistan,2005,25100000
195,Afghanistan,2006,25900000
390,Afghanistan,2007,26600000
585,Afghanistan,2008,27300000
780,Afghanistan,2009,28000000
975,Afghanistan,2010,28800000
1170,Afghanistan,2011,29700000
1365,Afghanistan,2012,30700000
1560,Afghanistan,2013,31700000
1755,Afghanistan,2014,32800000
1950,Afghanistan,2015,33700000
2145,Afghanistan,2016,34700000
2340,Afghanistan,2017,35500000
2535,Afghanistan,2018,36400000
1,Albania,2005,3080000
196,Albania,2006,3050000
391,Albania,2007,3020000
586,Albania,2008,2990000
781,Albania,2009,2960000
976,Albania,2010,2940000
1171,Albania,2011,2930000
1366,Albania,2012,2920000
1561,Albania,2013,2920000
1756,Albania,2014,2920000
1951,Albania,2015,2920000
2146,Albania,2016,2930000
2341,Albania,2017,2930000
2536,Albania,2018,2930000
2,Algeria,2005,33300000
197,Algeria,2006,33800000
392,Algeria,2007,34300000
587,Algeria,2008,34900000
782,Algeria,2009,35500000
977,Algeria,2010,36100000
1172,Algeria,2011,36800000
1367,Algeria,2012,37600000
1562,Algeria,2013,38300000
1757,Algeria,2014,39100000
1952,Algeria,2015,39900000
2147,Algeria,2016,40600000
2342,Algeria,2017,41300000
2537,Algeria,2018,42000000
3,Andorra,2005,78900
198,Andorra,2006,81000
393,Andorra,2007,82700
588,Andorra,2008,83900
783,Andorra,2009,84500
978,Andorra,2010,84400
1173,Andorra,2011,83800
1368,Andorra,2012,82400
1563,Andorra,2013,80800
1758,Andorra,2014,79200
1953,Andorra,2015,78000
2148,Andorra,2016,77300
2343,Andorra,2017,77000
2538,Andorra,2018,77000
4,Angola,2005,19600000
199,Angola,2006,20300000
394,Angola,2007,21000000
589,Angola,2008,21800000
784,Angola,2009,22500000
979,Angola,2010,23400000
1174,Angola,2011,24200000
1369,Angola,2012,25100000
1564,Angola,2013,26000000
1759,Angola,2014,26900000
1954,Angola,2015,27900000
2149,Angola,2016,28800000
2344,Angola,2017,29800000
2539,Angola,2018,30800000
5,Antigua and Barbuda,2005,89300
200,Antigua and Barbuda,2006,90300
395,Antigua and Barbuda,2007,91400
590,Antigua and Barbuda,2008,92500
785,Antigua and Barbuda,2009,93600
980,Antigua and Barbuda,2010,94700
1175,Antigua and Barbuda,2011,95700
1370,Antigua and Barbuda,2012,96800
1565,Antigua and Barbuda,2013,97800
1760,Antigua and Barbuda,2014,98900
1955,Antigua and Barbuda,2015,99900
2150,Antigua and Barbuda,2016,101000
2345,Antigua and Barbuda,2017,102000
2540,Antigua and Barbuda,2018,103000
6,Argentina,2005,39100000
201,Argentina,2006,39600000
396,Argentina,2007,40000000
591,Argentina,2008,40400000
786,Argentina,2009,40800000
981,Argentina,2010,41200000
1176,Argentina,2011,41700000
1371,Argentina,2012,42100000
1566,Argentina,2013,42500000
1761,Argentina,2014,43000000
1956,Argentina,2015,43400000
2151,Argentina,2016,43800000
2346,Argentina,2017,44300000
2541,Argentina,2018,44700000
7,Armenia,2005,2980000
202,Armenia,2006,2960000
397,Armenia,2007,2930000
592,Armenia,2008,2910000
787,Armenia,2009,2890000
982,Armenia,2010,2880000
1177,Armenia,2011,2880000
1372,Armenia,2012,2880000
1567,Armenia,2013,2890000
1762,Armenia,2014,2910000
1957,Armenia,2015,2920000
2152,Armenia,2016,2920000
2347,Armenia,2017,2930000
2542,Armenia,2018,2930000
8,Australia,2005,20200000
203,Australia,2006,20600000
398,Australia,2007,20900000
593,Australia,2008,21300000
788,Australia,2009,21700000
983,Australia,2010,22100000
1178,Australia,2011,22500000
1373,Australia,2012,22800000
1568,Australia,2013,23200000
1763,Australia,2014,23500000
1958,Australia,2015,23800000
2153,Australia,2016,24100000
2348,Australia,2017,24500000
2543,Australia,2018,24800000
9,Austria,2005,8250000
204,Austria,2006,8280000
399,Austria,2007,8310000
594,Austria,2008,8340000
789,Austria,2009,8370000
984,Austria,2010,8410000
1179,Austria,2011,8460000
1374,Austria,2012,8520000
1569,Austria,2013,8580000
1764,Austria,2014,8630000
1959,Austria,2015,8680000
2154,Austria,2016,8710000
2349,Austria,2017,8740000
2544,Austria,2018,8750000
10,Azerbaijan,2005,8540000
205,Azerbaijan,2006,8630000
400,Azerbaijan,2007,8720000
595,Azerbaijan,2008,8820000
790,Azerbaijan,2009,8920000
985,Azerbaijan,2010,9030000
1180,Azerbaijan,2011,9150000
1375,Azerbaijan,2012,9260000
1570,Azerbaijan,2013,9390000
1765,Azerbaijan,2014,9500000
1960,Azerbaijan,2015,9620000
2155,Azerbaijan,2016,9730000
2350,Azerbaijan,2017,9830000
2545,Azerbaijan,2018,9920000
11,Bahamas,2005,329000
206,Bahamas,2006,336000
401,Bahamas,2007,342000
596,Bahamas,2008,349000
791,Bahamas,2009,355000
986,Bahamas,2010,361000
1181,Bahamas,2011,367000
1376,Bahamas,2012,372000
1571,Bahamas,2013,377000
1766,Bahamas,2014,382000
1961,Bahamas,2015,387000
2156,Bahamas,2016,391000
2351,Bahamas,2017,395000
2546,Bahamas,2018,399000
12,Bahrain,2005,889000
207,Bahrain,2006,958000
402,Bahrain,2007,1040000
597,Bahrain,2008,1110000
792,Bahrain,2009,1190000
987,Bahrain,2010,1240000
1182,Bahrain,2011,1280000
1377,Bahrain,2012,1300000
1572,Bahrain,2013,1320000
1767,Bahrain,2014,1340000
1962,Bahrain,2015,1370000
2157,Bahrain,2016,1430000
2352,Bahrain,2017,1490000
2547,Bahrain,2018,1570000
13,Bangladesh,2005,143000000
208,Bangladesh,2006,145000000
403,Bangladesh,2007,147000000
598,Bangladesh,2008,149000000
793,Bangladesh,2009,150000000
988,Bangladesh,2010,152000000
1183,Bangladesh,2011,154000000
1378,Bangladesh,2012,156000000
1573,Bangladesh,2013,158000000
1768,Bangladesh,2014,159000000
1963,Bangladesh,2015,161000000
2158,Bangladesh,2016,163000000
2353,Bangladesh,2017,165000000
2548,Bangladesh,2018,166000000
14,Barbados,2005,274000
209,Barbados,2006,275000
404,Barbados,2007,276000
599,Barbados,2008,277000
794,Barbados,2009,278000
989,Barbados,2010,280000
1184,Barbados,2011,281000
1379,Barbados,2012,282000
1574,Barbados,2013,283000
1769,Barbados,2014,283000
1964,Barbados,2015,284000
2159,Barbados,2016,285000
2354,Barbados,2017,286000
2549,Barbados,2018,286000
15,Belarus,2005,9620000
210,Belarus,2006,9580000
405,Belarus,2007,9540000
600,Belarus,2008,9510000
795,Belarus,2009,9490000
990,Belarus,2010,9470000
1185,Belarus,2011,9470000
1380,Belarus,2012,9470000
1575,Belarus,2013,9480000
1770,Belarus,2014,9480000
1965,Belarus,2015,9490000
2160,Belarus,2016,9480000
2355,Belarus,2017,9470000
2550,Belarus,2018,9450000
16,Belgium,2005,10500000
211,Belgium,2006,10600000
406,Belgium,2007,10700000
601,Belgium,2008,10800000
796,Belgium,2009,10900000
991,Belgium,2010,10900000
1186,Belgium,2011,11000000
1381,Belgium,2012,11100000
1576,Belgium,2013,11200000
1771,Belgium,2014,11200000
1966,Belgium,2015,11300000
2161,Belgium,2016,11400000
2356,Belgium,2017,11400000
2551,Belgium,2018,11500000
17,Belize,2005,283000
212,Belize,2006,291000
407,Belize,2007,298000
602,Belize,2008,306000
797,Belize,2009,314000
992,Belize,2010,322000
1187,Belize,2011,329000
1382,Belize,2012,337000
1577,Belize,2013,344000
1772,Belize,2014,352000
1967,Belize,2015,359000
2162,Belize,2016,367000
2357,Belize,2017,375000
2552,Belize,2018,382000
18,Benin,2005,7980000
213,Benin,2006,8220000
408,Benin,2007,8450000
603,Benin,2008,8700000
798,Benin,2009,8940000
993,Benin,2010,9200000
1188,Benin,2011,9460000
1383,Benin,2012,9730000
1578,Benin,2013,10000000
1773,Benin,2014,10300000
1968,Benin,2015,10600000
2163,Benin,2016,10900000
2358,Benin,2017,11200000
2553,Benin,2018,11500000
19,Bhutan,2005,657000
214,Bhutan,2006,672000
409,Bhutan,2007,687000
604,Bhutan,2008,701000
799,Bhutan,2009,714000
994,Bhutan,2010,728000
1189,Bhutan,2011,741000
1384,Bhutan,2012,753000
1579,Bhutan,2013,765000
1774,Bhutan,2014,776000
1969,Bhutan,2015,787000
2164,Bhutan,2016,798000
2359,Bhutan,2017,808000
2554,Bhutan,2018,817000
20,Bolivia,2005,9130000
215,Bolivia,2006,9280000
410,Bolivia,2007,9440000
605,Bolivia,2008,9600000
800,Bolivia,2009,9760000
995,Bolivia,2010,9920000
1190,Bolivia,2011,10100000
1385,Bolivia,2012,10200000
1580,Bolivia,2013,10400000
1775,Bolivia,2014,10600000
1970,Bolivia,2015,10700000
2165,Bolivia,2016,10900000
2360,Bolivia,2017,11100000
2555,Bolivia,2018,11200000
21,Bosnia and Herzegovina,2005,3780000
216,Bosnia and Herzegovina,2006,3780000
411,Bosnia and Herzegovina,2007,3770000
606,Bosnia and Herzegovina,2008,3760000
801,Bosnia and Herzegovina,2009,3750000
996,Bosnia and Herzegovina,2010,3720000
1191,Bosnia and Herzegovina,2011,3690000
1386,Bosnia and Herzegovina,2012,3650000
1581,Bosnia and Herzegovina,2013,3600000
1776,Bosnia and Herzegovina,2014,3570000
1971,Bosnia and Herzegovina,2015,3540000
2166,Bosnia and Herzegovina,2016,3520000
2361,Bosnia and Herzegovina,2017,3510000
2556,Bosnia and Herzegovina,2018,3500000
22,Botswana,2005,1860000
217,Botswana,2006,1880000
412,Botswana,2007,1910000
607,Botswana,2008,1950000
802,Botswana,2009,1980000
997,Botswana,2010,2010000
1192,Botswana,2011,2050000
1387,Botswana,2012,2090000
1582,Botswana,2013,2130000
1777,Botswana,2014,2170000
1972,Botswana,2015,2210000
2167,Botswana,2016,2250000
2362,Botswana,2017,2290000
2557,Botswana,2018,2330000
23,Brazil,2005,187000000
218,Brazil,2006,189000000
413,Brazil,2007,191000000
608,Brazil,2008,193000000
803,Brazil,2009,195000000
998,Brazil,2010,197000000
1193,Brazil,2011,199000000
1388,Brazil,2012,201000000
1583,Brazil,2013,202000000
1778,Brazil,2014,204000000
1973,Brazil,2015,206000000
2168,Brazil,2016,208000000
2363,Brazil,2017,209000000
2558,Brazil,2018,211000000
24,Brunei,2005,365000
219,Brunei,2006,370000
414,Brunei,2007,375000
609,Brunei,2008,379000
804,Brunei,2009,384000
999,Brunei,2010,389000
1194,Brunei,2011,394000
1389,Brunei,2012,400000
1584,Brunei,2013,406000
1779,Brunei,2014,412000
1974,Brunei,2015,418000
2169,Brunei,2016,423000
2364,Brunei,2017,429000
2559,Brunei,2018,434000
25,Bulgaria,2005,7680000
220,Bulgaria,2006,7620000
415,Bulgaria,2007,7570000
610,Bulgaria,2008,7510000
805,Bulgaria,2009,7460000
1000,Bulgaria,2010,7400000
1195,Bulgaria,2011,7360000
1390,Bulgaria,2012,7310000
1585,Bulgaria,2013,7270000
1780,Bulgaria,2014,7220000
1975,Bulgaria,2015,7180000
2170,Bulgaria,2016,7130000
2365,Bulgaria,2017,7080000
2560,Bulgaria,2018,7040000
26,Burkina Faso,2005,13400000
221,Burkina Faso,2006,13800000
416,Burkina Faso,2007,14300000
611,Burkina Faso,2008,14700000
806,Burkina Faso,2009,15100000
1001,Burkina Faso,2010,15600000
1196,Burkina Faso,2011,16100000
1391,Burkina Faso,2012,16600000
1586,Burkina Faso,2013,17100000
1781,Burkina Faso,2014,17600000
1976,Burkina Faso,2015,18100000
2171,Burkina Faso,2016,18600000
2366,Burkina Faso,2017,19200000
2561,Burkina Faso,2018,19800000
27,Burundi,2005,7420000
222,Burundi,2006,7680000
417,Burundi,2007,7940000
612,Burundi,2008,8210000
807,Burundi,2009,8490000
1002,Burundi,2010,8770000
1197,Burundi,2011,9040000
1392,Burundi,2012,9320000
1587,Burundi,2013,9600000
1782,Burundi,2014,9890000
1977,Burundi,2015,10200000
2172,Burundi,2016,10500000
2367,Burundi,2017,10900000
2562,Burundi,2018,11200000
28,Cambodia,2005,13300000
223,Cambodia,2006,13500000
418,Cambodia,2007,13700000
613,Cambodia,2008,13900000
808,Cambodia,2009,14100000
1003,Cambodia,2010,14300000
1198,Cambodia,2011,14500000
1393,Cambodia,2012,14800000
1588,Cambodia,2013,15000000
1783,Cambodia,2014,15300000
1978,Cambodia,2015,15500000
2173,Cambodia,2016,15800000
2368,Cambodia,2017,16000000
2563,Cambodia,2018,16200000
29,Cameroon,2005,17400000
224,Cameroon,2006,17900000
419,Cameroon,2007,18400000
614,Cameroon,2008,18900000
809,Cameroon,2009,19400000
1004,Cameroon,2010,20000000
1199,Cameroon,2011,20500000
1394,Cameroon,2012,21100000
1589,Cameroon,2013,21700000
1784,Cameroon,2014,22200000
1979,Cameroon,2015,22800000
2174,Cameroon,2016,23400000
2369,Cameroon,2017,24100000
2564,Cameroon,2018,24700000
30,Canada,2005,32300000
225,Canada,2006,32600000
420,Canada,2007,33000000
615,Canada,2008,33400000
810,Canada,2009,33800000
1005,Canada,2010,34200000
1200,Canada,2011,34500000
1395,Canada,2012,34900000
1590,Canada,2013,35300000
1785,Canada,2014,35600000
1980,Canada,2015,35900000
2175,Canada,2016,36300000
2370,Canada,2017,36600000
2565,Canada,2018,37000000
31,Cape Verde,2005,475000
226,Cape Verde,2006,481000
421,Cape Verde,2007,486000
616,Cape Verde,2008,492000
811,Cape Verde,2009,497000
1006,Cape Verde,2010,502000
1201,Cape Verde,2011,508000
1396,Cape Verde,2012,514000
1591,Cape Verde,2013,520000
1786,Cape Verde,2014,526000
1981,Cape Verde,2015,533000
2176,Cape Verde,2016,540000
2371,Cape Verde,2017,546000
2566,Cape Verde,2018,553000
32,Central African Republic,2005,4130000
227,Central African Republic,2006,4200000
422,Central African Republic,2007,4280000
617,Central African Republic,2008,4350000
812,Central African Republic,2009,4400000
1007,Central African Republic,2010,4450000
1202,Central African Republic,2011,4480000
1397,Central African Republic,2012,4490000
1592,Central African Republic,2013,4500000
1787,Central African Republic,2014,4520000
1982,Central African Republic,2015,4550000
2177,Central African Republic,2016,4590000
2372,Central African Republic,2017,4660000
2567,Central African Republic,2018,4740000
33,Chad,2005,10100000
228,Chad,2006,10400000
423,Chad,2007,10800000
618,Chad,2008,11100000
813,Chad,2009,11500000
1008,Chad,2010,11900000
1203,Chad,2011,12300000
1398,Chad,2012,12700000
1593,Chad,2013,13100000
1788,Chad,2014,13600000
1983,Chad,2015,14000000
2178,Chad,2016,14500000
2373,Chad,2017,14900000
2568,Chad,2018,15400000
34,Chile,2005,16100000
229,Chile,2006,16300000
424,Chile,2007,16500000
619,Chile,2008,16700000
814,Chile,2009,16800000
1009,Chile,2010,17000000
1204,Chile,2011,17200000
1399,Chile,2012,17300000
1594,Chile,2013,17500000
1789,Chile,2014,17600000
1984,Chile,2015,17800000
2179,Chile,2016,17900000
2374,Chile,2017,18100000
2569,Chile,2018,18200000
35,China,2005,1320000000
230,China,2006,1330000000
425,China,2007,1340000000
620,China,2008,1340000000
815,China,2009,1350000000
1010,China,2010,1360000000
1205,China,2011,1370000000
1400,China,2012,1380000000
1595,China,2013,1380000000
1790,China,2014,1390000000
1985,China,2015,1400000000
2180,China,2016,1400000000
2375,China,2017,1410000000
2570,China,2018,1420000000
36,Colombia,2005,43300000
231,Colombia,2006,43800000
426,Colombia,2007,44400000
621,Colombia,2008,44900000
816,Colombia,2009,45400000
1011,Colombia,2010,45900000
1206,Colombia,2011,46400000
1401,Colombia,2012,46900000
1596,Colombia,2013,47300000
1791,Colombia,2014,47800000
1986,Colombia,2015,48200000
2181,Colombia,2016,48700000
2376,Colombia,2017,49100000
2571,Colombia,2018,49500000
37,Comoros,2005,612000
232,Comoros,2006,626000
427,Comoros,2007,642000
622,Comoros,2008,657000
817,Comoros,2009,673000
1012,Comoros,2010,690000
1207,Comoros,2011,707000
1402,Comoros,2012,724000
1597,Comoros,2013,742000
1792,Comoros,2014,759000
1987,Comoros,2015,777000
2182,Comoros,2016,796000
2377,Comoros,2017,814000
2572,Comoros,2018,832000
38,"Congo, Dem. Rep.",2005,54800000
233,"Congo, Dem. Rep.",2006,56500000
428,"Congo, Dem. Rep.",2007,58400000
623,"Congo, Dem. Rep.",2008,60400000
818,"Congo, Dem. Rep.",2009,62400000
1013,"Congo, Dem. Rep.",2010,64500000
1208,"Congo, Dem. Rep.",2011,66700000
1403,"Congo, Dem. Rep.",2012,69000000
1598,"Congo, Dem. Rep.",2013,71300000
1793,"Congo, Dem. Rep.",2014,73700000
1988,"Congo, Dem. Rep.",2015,76200000
2183,"Congo, Dem. Rep.",2016,78700000
2378,"Congo, Dem. Rep.",2017,81300000
2573,"Congo, Dem. Rep.",2018,84000000
39,"Congo, Rep.",2005,3720000
234,"Congo, Rep.",2006,3840000
429,"Congo, Rep.",2007,3980000
624,"Congo, Rep.",2008,4120000
819,"Congo, Rep.",2009,4250000
1014,"Congo, Rep.",2010,4390000
1209,"Congo, Rep.",2011,4510000
1404,"Congo, Rep.",2012,4630000
1599,"Congo, Rep.",2013,4750000
1794,"Congo, Rep.",2014,4870000
1989,"Congo, Rep.",2015,5000000
2184,"Congo, Rep.",2016,5130000
2379,"Congo, Rep.",2017,5260000
2574,"Congo, Rep.",2018,5400000
40,Costa Rica,2005,4250000
235,Costa Rica,2006,4310000
430,Costa Rica,2007,4370000
625,Costa Rica,2008,4430000
820,Costa Rica,2009,4490000
1015,Costa Rica,2010,4550000
1210,Costa Rica,2011,4600000
1405,Costa Rica,2012,4650000
1600,Costa Rica,2013,4710000
1795,Costa Rica,2014,4760000
1990,Costa Rica,2015,4810000
2185,Costa Rica,2016,4860000
2380,Costa Rica,2017,4910000
2575,Costa Rica,2018,4950000
41,Cote d'Ivoire,2005,18300000
236,Cote d'Ivoire,2006,18700000
431,Cote d'Ivoire,2007,19100000
626,Cote d'Ivoire,2008,19500000
821,Cote d'Ivoire,2009,19900000
1016,Cote d'Ivoire,2010,20400000
1211,Cote d'Ivoire,2011,20900000
1406,Cote d'Ivoire,2012,21400000
1601,Cote d'Ivoire,2013,22000000
1796,Cote d'Ivoire,2014,22500000
1991,Cote d'Ivoire,2015,23100000
2186,Cote d'Ivoire,2016,23700000
2381,Cote d'Ivoire,2017,24300000
2576,Cote d'Ivoire,2018,24900000
42,Croatia,2005,4380000
237,Croatia,2006,4370000
432,Croatia,2007,4360000
627,Croatia,2008,4350000
822,Croatia,2009,4340000
1017,Croatia,2010,4330000
1212,Croatia,2011,4310000
1407,Croatia,2012,4300000
1602,Croatia,2013,4280000
1797,Croatia,2014,4260000
1992,Croatia,2015,4240000
2187,Croatia,2016,4210000
2382,Croatia,2017,4190000
2577,Croatia,2018,4160000
43,Cuba,2005,11300000
238,Cuba,2006,11300000
433,Cuba,2007,11300000
628,Cuba,2008,11300000
823,Cuba,2009,11300000
1018,Cuba,2010,11300000
1213,Cuba,2011,11400000
1408,Cuba,2012,11400000
1603,Cuba,2013,11400000
1798,Cuba,2014,11400000
1993,Cuba,2015,11500000
2188,Cuba,2016,11500000
2383,Cuba,2017,11500000
2578,Cuba,2018,11500000
44,Cyprus,2005,1030000
239,Cyprus,2006,1050000
434,Cyprus,2007,1060000
629,Cyprus,2008,1080000
824,Cyprus,2009,1100000
1019,Cyprus,2010,1110000
1214,Cyprus,2011,1120000
1409,Cyprus,2012,1140000
1604,Cyprus,2013,1140000
1799,Cyprus,2014,1150000
1994,Cyprus,2015,1160000
2189,Cyprus,2016,1170000
2384,Cyprus,2017,1180000
2579,Cyprus,2018,1190000
45,Czech Republic,2005,10300000
240,Czech Republic,2006,10300000
435,Czech Republic,2007,10400000
630,Czech Republic,2008,10400000
825,Czech Republic,2009,10500000
1020,Czech Republic,2010,10500000
1215,Czech Republic,2011,10600000
1410,Czech Republic,2012,10600000
1605,Czech Republic,2013,10600000
1800,Czech Republic,2014,10600000
1995,Czech Republic,2015,10600000
2190,Czech Republic,2016,10600000
2385,Czech Republic,2017,10600000
2580,Czech Republic,2018,10600000
46,Denmark,2005,5420000
241,Denmark,2006,5440000
436,Denmark,2007,5470000
631,Denmark,2008,5500000
826,Denmark,2009,5530000
1021,Denmark,2010,5550000
1216,Denmark,2011,5580000
1411,Denmark,2012,5610000
1606,Denmark,2013,5640000
1801,Denmark,2014,5660000
1996,Denmark,2015,5690000
2191,Denmark,2016,5710000
2386,Denmark,2017,5730000
2581,Denmark,2018,5750000
47,Djibouti,2005,783000
242,Djibouti,2006,796000
437,Djibouti,2007,809000
632,Djibouti,2008,823000
827,Djibouti,2009,837000
1022,Djibouti,2010,851000
1217,Djibouti,2011,866000
1412,Djibouti,2012,881000
1607,Djibouti,2013,897000
1802,Djibouti,2014,912000
1997,Djibouti,2015,927000
2192,Djibouti,2016,942000
2387,Djibouti,2017,957000
2582,Djibouti,2018,971000
48,Dominica,2005,70600
243,Dominica,2006,70800
438,Dominica,2007,71000
633,Dominica,2008,71100
828,Dominica,2009,71200
1023,Dominica,2010,71400
1218,Dominica,2011,71700
1413,Dominica,2012,72000
1608,Dominica,2013,72400
1803,Dominica,2014,72800
1998,Dominica,2015,73200
2193,Dominica,2016,73500
2388,Dominica,2017,73900
2583,Dominica,2018,74300
49,Dominican Republic,2005,9240000
244,Dominican Republic,2006,9370000
439,Dominican Republic,2007,9500000
634,Dominican Republic,2008,9640000
829,Dominican Republic,2009,9770000
1024,Dominican Republic,2010,9900000
1219,Dominican Republic,2011,10000000
1414,Dominican Republic,2012,10200000
1609,Dominican Republic,2013,10300000
1804,Dominican Republic,2014,10400000
1999,Dominican Republic,2015,10500000
2194,Dominican Republic,2016,10600000
2389,Dominican Republic,2017,10800000
2584,Dominican Republic,2018,10900000
50,Ecuador,2005,13700000
245,Ecuador,2006,14000000
440,Ecuador,2007,14200000
635,Ecuador,2008,14400000
830,Ecuador,2009,14700000
1025,Ecuador,2010,14900000
1220,Ecuador,2011,15200000
1415,Ecuador,2012,15400000
1610,Ecuador,2013,15700000
1805,Ecuador,2014,15900000
2000,Ecuador,2015,16100000
2195,Ecuador,2016,16400000
2390,Ecuador,2017,16600000
2585,Ecuador,2018,16900000
51,Egypt,2005,76800000
246,Egypt,2006,78200000
441,Egypt,2007,79500000
636,Egypt,2008,81000000
831,Egypt,2009,82500000
1026,Egypt,2010,84100000
1221,Egypt,2011,85900000
1416,Egypt,2012,87800000
1611,Egypt,2013,89800000
1806,Egypt,2014,91800000
2001,Egypt,2015,93800000
2196,Egypt,2016,95700000
2391,Egypt,2017,97600000
2586,Egypt,2018,99400000
52,El Salvador,2005,6030000
247,El Salvador,2006,6060000
442,El Salvador,2007,6080000
637,El Salvador,2008,6110000
832,El Salvador,2009,6140000
1027,El Salvador,2010,6160000
1222,El Salvador,2011,6190000
1417,El Salvador,2012,6220000
1612,El Salvador,2013,6250000
1807,El Salvador,2014,6280000
2002,El Salvador,2015,6310000
2197,El Salvador,2016,6340000
2392,El Salvador,2017,6380000
2587,El Salvador,2018,6410000
53,Equatorial Guinea,2005,757000
248,Equatorial Guinea,2006,792000
443,Equatorial Guinea,2007,829000
638,Equatorial Guinea,2008,868000
833,Equatorial Guinea,2009,909000
1028,Equatorial Guinea,2010,951000
1223,Equatorial Guinea,2011,994000
1418,Equatorial Guinea,2012,1040000
1613,Equatorial Guinea,2013,1080000
1808,Equatorial Guinea,2014,1130000
2003,Equatorial Guinea,2015,1180000
2198,Equatorial Guinea,2016,1220000
2393,Equatorial Guinea,2017,1270000
2588,Equatorial Guinea,2018,1310000
54,Eritrea,2005,3970000
249,Eritrea,2006,4070000
444,Eritrea,2007,4150000
639,Eritrea,2008,4230000
834,Eritrea,2009,4310000
1029,Eritrea,2010,4390000
1224,Eritrea,2011,4470000
1419,Eritrea,2012,4560000
1614,Eritrea,2013,4650000
1809,Eritrea,2014,4750000
2004,Eritrea,2015,4850000
2199,Eritrea,2016,4950000
2394,Eritrea,2017,5070000
2589,Eritrea,2018,5190000
55,Estonia,2005,1360000
250,Estonia,2006,1350000
445,Estonia,2007,1340000
640,Estonia,2008,1340000
835,Estonia,2009,1340000
1030,Estonia,2010,1330000
1225,Estonia,2011,1330000
1420,Estonia,2012,1320000
1615,Estonia,2013,1320000
1810,Estonia,2014,1320000
2005,Estonia,2015,1320000
2200,Estonia,2016,1310000
2395,Estonia,2017,1310000
2590,Estonia,2018,1310000
56,Ethiopia,2005,76700000
251,Ethiopia,2006,78900000
446,Ethiopia,2007,81000000
641,Ethiopia,2008,83200000
836,Ethiopia,2009,85400000
1031,Ethiopia,2010,87700000
1226,Ethiopia,2011,90000000
1421,Ethiopia,2012,92400000
1616,Ethiopia,2013,94900000
1811,Ethiopia,2014,97400000
2006,Ethiopia,2015,99900000
2201,Ethiopia,2016,102000000
2396,Ethiopia,2017,105000000
2591,Ethiopia,2018,108000000
57,Fiji,2005,822000
252,Fiji,2006,827000
447,Fiji,2007,835000
642,Fiji,2008,843000
837,Fiji,2009,852000
1032,Fiji,2010,860000
1227,Fiji,2011,867000
1422,Fiji,2012,874000
1617,Fiji,2013,880000
1812,Fiji,2014,886000
2007,Fiji,2015,892000
2202,Fiji,2016,899000
2397,Fiji,2017,906000
2592,Fiji,2018,912000
58,Finland,2005,5260000
253,Finland,2006,5280000
448,Finland,2007,5300000
643,Finland,2008,5320000
838,Finland,2009,5340000
1033,Finland,2010,5370000
1228,Finland,2011,5390000
1423,Finland,2012,5410000
1618,Finland,2013,5440000
1813,Finland,2014,5460000
2008,Finland,2015,5480000
2203,Finland,2016,5500000
2398,Finland,2017,5520000
2593,Finland,2018,5540000
59,France,2005,61200000
254,France,2006,61600000
449,France,2007,62000000
644,France,2008,62300000
839,France,2009,62700000
1034,France,2010,63000000
1229,France,2011,63300000
1424,France,2012,63600000
1619,France,2013,63900000
1814,France,2014,64200000
2009,France,2015,64500000
2204,France,2016,64700000
2399,France,2017,65000000
2594,France,2018,65200000
60,Gabon,2005,1400000
255,Gabon,2006,1440000
450,Gabon,2007,1490000
645,Gabon,2008,1540000
840,Gabon,2009,1590000
1035,Gabon,2010,1640000
1230,Gabon,2011,1700000
1425,Gabon,2012,1760000
1620,Gabon,2013,1820000
1815,Gabon,2014,1880000
2010,Gabon,2015,1930000
2205,Gabon,2016,1980000
2400,Gabon,2017,2030000
2595,Gabon,2018,2070000
61,Gambia,2005,1440000
256,Gambia,2006,1490000
451,Gambia,2007,1540000
646,Gambia,2008,1590000
841,Gambia,2009,1640000
1036,Gambia,2010,1690000
1231,Gambia,2011,1750000
1426,Gambia,2012,1800000
1621,Gambia,2013,1860000
1816,Gambia,2014,1920000
2011,Gambia,2015,1980000
2206,Gambia,2016,2040000
2401,Gambia,2017,2100000
2596,Gambia,2018,2160000
62,Georgia,2005,4490000
257,Georgia,2006,4440000
452,Georgia,2007,4390000
647,Georgia,2008,4340000
842,Georgia,2009,4290000
1037,Georgia,2010,4230000
1232,Georgia,2011,4170000
1427,Georgia,2012,4110000
1622,Georgia,2013,4050000
1817,Georgia,2014,3990000
2012,Georgia,2015,3950000
2207,Georgia,2016,3930000
2402,Georgia,2017,3910000
2597,Georgia,2018,3910000
63,Germany,2005,81700000
258,Germany,2006,81500000
453,Germany,2007,81300000
648,Germany,2008,81100000
843,Germany,2009,81000000
1038,Germany,2010,80900000
1233,Germany,2011,80900000
1428,Germany,2012,81100000
1623,Germany,2013,81300000
1818,Germany,2014,81500000
2013,Germany,2015,81700000
2208,Germany,2016,81900000
2403,Germany,2017,82100000
2598,Germany,2018,82300000
64,Ghana,2005,21500000
259,Ghana,2006,22100000
454,Ghana,2007,22700000
649,Ghana,2008,23300000
844,Ghana,2009,23900000
1039,Ghana,2010,24500000
1234,Ghana,2011,25100000
1429,Ghana,2012,25700000
1624,Ghana,2013,26300000
1819,Ghana,2014,27000000
2014,Ghana,2015,27600000
2209,Ghana,2016,28200000
2404,Ghana,2017,28800000
2599,Ghana,2018,29500000
65,Greece,2005,11300000
260,Greece,2006,11300000
455,Greece,2007,11400000
650,Greece,2008,11400000
845,Greece,2009,11400000
1040,Greece,2010,11400000
1235,Greece,2011,11400000
1430,Greece,2012,11400000
1625,Greece,2013,11300000
1820,Greece,2014,11300000
2015,Greece,2015,11200000
2210,Greece,2016,11200000
2405,Greece,2017,11200000
2600,Greece,2018,11100000
66,Grenada,2005,103000
261,Grenada,2006,103000
456,Grenada,2007,104000
651,Grenada,2008,104000
846,Grenada,2009,104000
1041,Grenada,2010,105000
1236,Grenada,2011,105000
1431,Grenada,2012,105000
1626,Grenada,2013,106000
1821,Grenada,2014,106000
2016,Grenada,2015,107000
2211,Grenada,2016,107000
2406,Grenada,2017,108000
2601,Grenada,2018,108000
67,Guatemala,2005,13100000
262,Guatemala,2006,13400000
457,Guatemala,2007,13700000
652,Guatemala,2008,14000000
847,Guatemala,2009,14300000
1042,Guatemala,2010,14600000
1237,Guatemala,2011,14900000
1432,Guatemala,2012,15300000
1627,Guatemala,2013,15600000
1822,Guatemala,2014,15900000
2017,Guatemala,2015,16300000
2212,Guatemala,2016,16600000
2407,Guatemala,2017,16900000
2602,Guatemala,2018,17200000
68,Guinea,2005,9680000
263,Guinea,2006,9880000
458,Guinea,2007,10100000
653,Guinea,2008,10300000
848,Guinea,2009,10600000
1043,Guinea,2010,10800000
1238,Guinea,2011,11000000
1433,Guinea,2012,11300000
1628,Guinea,2013,11500000
1823,Guinea,2014,11800000
2018,Guinea,2015,12100000
2213,Guinea,2016,12400000
2408,Guinea,2017,12700000
2603,Guinea,2018,13100000
69,Guinea-Bissau,2005,1380000
264,Guinea-Bissau,2006,1410000
459,Guinea-Bissau,2007,1450000
654,Guinea-Bissau,2008,1480000
849,Guinea-Bissau,2009,1520000
1044,Guinea-Bissau,2010,1560000
1239,Guinea-Bissau,2011,1600000
1434,Guinea-Bissau,2012,1640000
1629,Guinea-Bissau,2013,1680000
1824,Guinea-Bissau,2014,1730000
2019,Guinea-Bissau,2015,1770000
2214,Guinea-Bissau,2016,1820000
2409,Guinea-Bissau,2017,1860000
2604,Guinea-Bissau,2018,1910000
70,Guyana,2005,751000
265,Guyana,2006,750000
460,Guyana,2007,748000
655,Guyana,2008,746000
850,Guyana,2009,746000
1045,Guyana,2010,747000
1240,Guyana,2011,749000
1435,Guyana,2012,753000
1630,Guyana,2013,758000
1825,Guyana,2014,763000
2020,Guyana,2015,769000
2215,Guyana,2016,773000
2410,Guyana,2017,778000
2605,Guyana,2018,782000
71,Haiti,2005,9260000
266,Haiti,2006,9410000
461,Haiti,2007,9560000
656,Haiti,2008,9710000
851,Haiti,2009,9850000
1046,Haiti,2010,10000000
1241,Haiti,2011,10100000
1436,Haiti,2012,10300000
1631,Haiti,2013,10400000
1826,Haiti,2014,10600000
2021,Haiti,2015,10700000
2216,Haiti,2016,10800000
2411,Haiti,2017,11000000
2606,Haiti,2018,11100000
72,Holy See,2005,798
267,Holy See,2006,800
462,Holy See,2007,796
657,Holy See,2008,794
852,Holy See,2009,795
1047,Holy See,2010,794
1242,Holy See,2011,796
1437,Holy See,2012,804
1632,Holy See,2013,801
1827,Holy See,2014,800
2022,Holy See,2015,803
2217,Holy See,2016,801
2412,Holy See,2017,792
2607,Holy See,2018,801
73,Honduras,2005,7370000
268,Honduras,2006,7540000
463,Honduras,2007,7710000
658,Honduras,2008,7870000
853,Honduras,2009,8040000
1048,Honduras,2010,8190000
1243,Honduras,2011,8350000
1438,Honduras,2012,8510000
1633,Honduras,2013,8660000
1828,Honduras,2014,8810000
2023,Honduras,2015,8960000
2218,Honduras,2016,9110000
2413,Honduras,2017,9270000
2608,Honduras,2018,9420000
74,Hungary,2005,10100000
269,Hungary,2006,10100000
464,Hungary,2007,10000000
659,Hungary,2008,9990000
854,Hungary,2009,9960000
1049,Hungary,2010,9930000
1244,Hungary,2011,9900000
1439,Hungary,2012,9870000
1634,Hungary,2013,9840000
1829,Hungary,2014,9810000
2024,Hungary,2015,9780000
2219,Hungary,2016,9750000
2414,Hungary,2017,9720000
2609,Hungary,2018,9690000
75,Iceland,2005,295000
270,Iceland,2006,300000
465,Iceland,2007,305000
660,Iceland,2008,311000
855,Iceland,2009,316000
1050,Iceland,2010,320000
1245,Iceland,2011,323000
1440,Iceland,2012,326000
1635,Iceland,2013,327000
1830,Iceland,2014,328000
2025,Iceland,2015,330000
2220,Iceland,2016,332000
2415,Iceland,2017,335000
2610,Iceland,2018,338000
76,India,2005,1140000000
271,India,2006,1160000000
466,India,2007,1180000000
661,India,2008,1200000000
856,India,2009,1210000000
1051,India,2010,1230000000
1246,India,2011,1250000000
1441,India,2012,1260000000
1636,India,2013,1280000000
1831,India,2014,1290000000
2026,India,2015,1310000000
2221,India,2016,1320000000
2416,India,2017,1340000000
2611,India,2018,1350000000
77,Indonesia,2005,227000000
272,Indonesia,2006,230000000
467,Indonesia,2007,233000000
662,Indonesia,2008,236000000
857,Indonesia,2009,239000000
1052,Indonesia,2010,243000000
1247,Indonesia,2011,246000000
1442,Indonesia,2012,249000000
1637,Indonesia,2013,252000000
1832,Indonesia,2014,255000000
2027,Indonesia,2015,258000000
2222,Indonesia,2016,261000000
2417,Indonesia,2017,264000000
2612,Indonesia,2018,267000000
78,Iran,2005,70400000
273,Iran,2006,71200000
468,Iran,2007,72000000
663,Iran,2008,72800000
858,Iran,2009,73700000
1053,Iran,2010,74600000
1248,Iran,2011,75500000
1443,Iran,2012,76500000
1638,Iran,2013,77400000
1833,Iran,2014,78400000
2028,Iran,2015,79400000
2223,Iran,2016,80300000
2418,Iran,2017,81200000
2613,Iran,2018,82000000
79,Iraq,2005,27000000
274,Iraq,2006,27700000
469,Iraq,2007,28400000
664,Iraq,2008,29100000
859,Iraq,2009,29900000
1054,Iraq,2010,30800000
1249,Iraq,2011,31700000
1444,Iraq,2012,32800000
1639,Iraq,2013,33900000
1834,Iraq,2014,35000000
2029,Iraq,2015,36100000
2224,Iraq,2016,37200000
2419,Iraq,2017,38300000
2614,Iraq,2018,39300000
80,Ireland,2005,4210000
275,Ireland,2006,4300000
470,Ireland,2007,4400000
665,Ireland,2008,4490000
860,Ireland,2009,4570000
1055,Ireland,2010,4630000
1250,Ireland,2011,4660000
1445,Ireland,2012,4680000
1640,Ireland,2013,4680000
1835,Ireland,2014,4690000
2030,Ireland,2015,4700000
2225,Ireland,2016,4730000
2420,Ireland,2017,4760000
2615,Ireland,2018,4800000
81,Israel,2005,6600000
276,Israel,2006,6760000
471,Israel,2007,6920000
666,Israel,2008,7100000
861,Israel,2009,7270000
1056,Israel,2010,7430000
1251,Israel,2011,7570000
1446,Israel,2012,7700000
1641,Israel,2013,7820000
1836,Israel,2014,7940000
2031,Israel,2015,8060000
2226,Israel,2016,8190000
2421,Israel,2017,8320000
2616,Israel,2018,8450000
82,Italy,2005,58800000
277,Italy,2006,59100000
472,Italy,2007,59300000
667,Italy,2008,59500000
862,Italy,2009,59600000
1057,Italy,2010,59700000
1252,Italy,2011,59800000
1447,Italy,2012,59700000
1642,Italy,2013,59700000
1837,Italy,2014,59600000
2032,Italy,2015,59500000
2227,Italy,2016,59400000
2422,Italy,2017,59400000
2617,Italy,2018,59300000
83,Jamaica,2005,2740000
278,Jamaica,2006,2760000
473,Jamaica,2007,2780000
668,Jamaica,2008,2790000
863,Jamaica,2009,2800000
1058,Jamaica,2010,2820000
1253,Jamaica,2011,2830000
1448,Jamaica,2012,2840000
1643,Jamaica,2013,2850000
1838,Jamaica,2014,2860000
2033,Jamaica,2015,2870000
2228,Jamaica,2016,2880000
2423,Jamaica,2017,2890000
2618,Jamaica,2018,2900000
84,Japan,2005,128000000
279,Japan,2006,128000000
474,Japan,2007,129000000
669,Japan,2008,129000000
864,Japan,2009,129000000
1059,Japan,2010,129000000
1254,Japan,2011,129000000
1449,Japan,2012,128000000
1644,Japan,2013,128000000
1839,Japan,2014,128000000
2034,Japan,2015,128000000
2229,Japan,2016,128000000
2424,Japan,2017,127000000
2619,Japan,2018,127000000
85,Jordan,2005,5710000
280,Jordan,2006,5930000
475,Jordan,2007,6190000
670,Jordan,2008,6490000
865,Jordan,2009,6820000
1060,Jordan,2010,7180000
1255,Jordan,2011,7570000
1450,Jordan,2012,7990000
1645,Jordan,2013,8410000
1840,Jordan,2014,8810000
2035,Jordan,2015,9160000
2230,Jordan,2016,9460000
2425,Jordan,2017,9700000
2620,Jordan,2018,9900000
86,Kazakhstan,2005,15500000
281,Kazakhstan,2006,15700000
476,Kazakhstan,2007,15800000
671,Kazakhstan,2008,16000000
866,Kazakhstan,2009,16200000
1061,Kazakhstan,2010,16400000
1256,Kazakhstan,2011,16600000
1451,Kazakhstan,2012,16900000
1646,Kazakhstan,2013,17200000
1841,Kazakhstan,2014,17500000
2036,Kazakhstan,2015,17700000
2231,Kazakhstan,2016,18000000
2426,Kazakhstan,2017,18200000
2621,Kazakhstan,2018,18400000
87,Kenya,2005,36000000
282,Kenya,2006,37100000
477,Kenya,2007,38100000
672,Kenya,2008,39100000
867,Kenya,2009,40200000
1062,Kenya,2010,41400000
1257,Kenya,2011,42500000
1452,Kenya,2012,43600000
1647,Kenya,2013,44800000
1842,Kenya,2014,46000000
2037,Kenya,2015,47200000
2232,Kenya,2016,48500000
2427,Kenya,2017,49700000
2622,Kenya,2018,51000000
88,Kiribati,2005,92300
283,Kiribati,2006,94300
478,Kiribati,2007,96300
673,Kiribati,2008,98400
868,Kiribati,2009,101000
1063,Kiribati,2010,103000
1258,Kiribati,2011,105000
1453,Kiribati,2012,107000
1648,Kiribati,2013,109000
1843,Kiribati,2014,110000
2038,Kiribati,2015,112000
2233,Kiribati,2016,114000
2428,Kiribati,2017,116000
2623,Kiribati,2018,118000
89,Kuwait,2005,2280000
284,Kuwait,2006,2380000
479,Kuwait,2007,2500000
674,Kuwait,2008,2650000
869,Kuwait,2009,2820000
1064,Kuwait,2010,3000000
1259,Kuwait,2011,3190000
1454,Kuwait,2012,3400000
1649,Kuwait,2013,3600000
1844,Kuwait,2014,3780000
2039,Kuwait,2015,3940000
2234,Kuwait,2016,4050000
2429,Kuwait,2017,4140000
2624,Kuwait,2018,4200000
90,Kyrgyz Republic,2005,5080000
285,Kyrgyz Republic,2006,5130000
480,Kyrgyz Republic,2007,5190000
675,Kyrgyz Republic,2008,5260000
870,Kyrgyz Republic,2009,5340000
1065,Kyrgyz Republic,2010,5420000
1260,Kyrgyz Republic,2011,5510000
1455,Kyrgyz Republic,2012,5590000
1650,Kyrgyz Republic,2013,5680000
1845,Kyrgyz Republic,2014,5770000
2040,Kyrgyz Republic,2015,5870000
2235,Kyrgyz Republic,2016,5960000
2430,Kyrgyz Republic,2017,6050000
2625,Kyrgyz Republic,2018,6130000
91,Lao,2005,5750000
286,Lao,2006,5850000
481,Lao,2007,5950000
676,Lao,2008,6050000
871,Lao,2009,6150000
1066,Lao,2010,6250000
1261,Lao,2011,6330000
1456,Lao,2012,6420000
1651,Lao,2013,6490000
1846,Lao,2014,6580000
2041,Lao,2015,6660000
2236,Lao,2016,6760000
2431,Lao,2017,6860000
2626,Lao,2018,6960000
92,Latvia,2005,2250000
287,Latvia,2006,2230000
482,Latvia,2007,2200000
677,Latvia,2008,2170000
872,Latvia,2009,2150000
1067,Latvia,2010,2120000
1262,Latvia,2011,2090000
1457,Latvia,2012,2070000
1652,Latvia,2013,2040000
1847,Latvia,2014,2020000
2042,Latvia,2015,1990000
2237,Latvia,2016,1970000
2432,Latvia,2017,1950000
2627,Latvia,2018,1930000
93,Lebanon,2005,3990000
288,Lebanon,2006,4060000
483,Lebanon,2007,4090000
678,Lebanon,2008,4110000
873,Lebanon,2009,4180000
1068,Lebanon,2010,4340000
1263,Lebanon,2011,4590000
1458,Lebanon,2012,4920000
1653,Lebanon,2013,5280000
1848,Lebanon,2014,5600000
2043,Lebanon,2015,5850000
2238,Lebanon,2016,6010000
2433,Lebanon,2017,6080000
2628,Lebanon,2018,6090000
94,Lesotho,2005,1950000
289,Lesotho,2006,1970000
484,Lesotho,2007,1980000
679,Lesotho,2008,2000000
874,Lesotho,2009,2020000
1069,Lesotho,2010,2040000
1264,Lesotho,2011,2060000
1459,Lesotho,2012,2090000
1654,Lesotho,2013,2120000
1849,Lesotho,2014,2150000
2044,Lesotho,2015,2170000
2239,Lesotho,2016,2200000
2434,Lesotho,2017,2230000
2629,Lesotho,2018,2260000
95,Liberia,2005,3260000
290,Liberia,2006,3380000
485,Liberia,2007,3510000
680,Liberia,2008,3660000
875,Liberia,2009,3810000
1070,Liberia,2010,3950000
1265,Liberia,2011,4070000
1460,Liberia,2012,4180000
1655,Liberia,2013,4290000
1850,Liberia,2014,4390000
2045,Liberia,2015,4500000
2240,Liberia,2016,4610000
2435,Liberia,2017,4730000
2630,Liberia,2018,4850000
96,Libya,2005,5790000
291,Libya,2006,5880000
486,Libya,2007,5970000
681,Libya,2008,6050000
876,Libya,2009,6120000
1071,Libya,2010,6170000
1266,Libya,2011,6190000
1461,Libya,2012,6200000
1656,Libya,2013,6200000
1851,Libya,2014,6200000
2046,Libya,2015,6230000
2241,Libya,2016,6290000
2436,Libya,2017,6370000
2631,Libya,2018,6470000
97,Liechtenstein,2005,34900
292,Liechtenstein,2006,35100
487,Liechtenstein,2007,35300
682,Liechtenstein,2008,35500
877,Liechtenstein,2009,35800
1072,Liechtenstein,2010,36000
1267,Liechtenstein,2011,36300
1462,Liechtenstein,2012,36500
1657,Liechtenstein,2013,36800
1852,Liechtenstein,2014,37100
2047,Liechtenstein,2015,37400
2242,Liechtenstein,2016,37700
2437,Liechtenstein,2017,37900
2632,Liechtenstein,2018,38200
98,Lithuania,2005,3340000
293,Lithuania,2006,3300000
488,Lithuania,2007,3260000
683,Lithuania,2008,3210000
878,Lithuania,2009,3170000
1073,Lithuania,2010,3120000
1268,Lithuania,2011,3080000
1463,Lithuania,2012,3040000
1658,Lithuania,2013,3000000
1853,Lithuania,2014,2960000
2048,Lithuania,2015,2930000
2243,Lithuania,2016,2910000
2438,Lithuania,2017,2890000
2633,Lithuania,2018,2880000
99,Luxembourg,2005,458000
294,Luxembourg,2006,466000
489,Luxembourg,2007,475000
684,Luxembourg,2008,485000
879,Luxembourg,2009,496000
1074,Luxembourg,2010,508000
1269,Luxembourg,2011,520000
1464,Luxembourg,2012,532000
1659,Luxembourg,2013,545000
1854,Luxembourg,2014,556000
2049,Luxembourg,2015,567000
2244,Luxembourg,2016,576000
2439,Luxembourg,2017,583000
2634,Luxembourg,2018,590000
100,"Macedonia, FYR",2005,2060000
295,"Macedonia, FYR",2006,2060000
490,"Macedonia, FYR",2007,2070000
685,"Macedonia, FYR",2008,2070000
880,"Macedonia, FYR",2009,2070000
1075,"Macedonia, FYR",2010,2070000
1270,"Macedonia, FYR",2011,2070000
1465,"Macedonia, FYR",2012,2070000
1660,"Macedonia, FYR",2013,2080000
1855,"Macedonia, FYR",2014,2080000
2050,"Macedonia, FYR",2015,2080000
2245,"Macedonia, FYR",2016,2080000
2440,"Macedonia, FYR",2017,2080000
2635,"Macedonia, FYR",2018,2090000
101,Madagascar,2005,18300000
296,Madagascar,2006,18900000
491,Madagascar,2007,19400000
686,Madagascar,2008,20000000
881,Madagascar,2009,20600000
1076,Madagascar,2010,21200000
1271,Madagascar,2011,21700000
1466,Madagascar,2012,22300000
1661,Madagascar,2013,23000000
1856,Madagascar,2014,23600000
2051,Madagascar,2015,24200000
2246,Madagascar,2016,24900000
2441,Madagascar,2017,25600000
2636,Madagascar,2018,26300000
102,Malawi,2005,13000000
297,Malawi,2006,13400000
492,Malawi,2007,13800000
687,Malawi,2008,14300000
882,Malawi,2009,14700000
1077,Malawi,2010,15200000
1272,Malawi,2011,15600000
1467,Malawi,2012,16100000
1662,Malawi,2013,16600000
1857,Malawi,2014,17100000
2052,Malawi,2015,17600000
2247,Malawi,2016,18100000
2442,Malawi,2017,18600000
2637,Malawi,2018,19200000
103,Malaysia,2005,25700000
298,Malaysia,2006,26100000
493,Malaysia,2007,26600000
688,Malaysia,2008,27100000
883,Malaysia,2009,27600000
1078,Malaysia,2010,28100000
1273,Malaysia,2011,28600000
1468,Malaysia,2012,29200000
1663,Malaysia,2013,29700000
1858,Malaysia,2014,30200000
2053,Malaysia,2015,30700000
2248,Malaysia,2016,31200000
2443,Malaysia,2017,31600000
2638,Malaysia,2018,32000000
104,Maldives,2005,319000
299,Maldives,2006,327000
494,Maldives,2007,336000
689,Maldives,2008,345000
884,Maldives,2009,355000
1079,Maldives,2010,365000
1274,Maldives,2011,375000
1469,Maldives,2012,386000
1664,Maldives,2013,397000
1859,Maldives,2014,408000
2054,Maldives,2015,418000
2249,Maldives,2016,428000
2444,Maldives,2017,436000
2639,Maldives,2018,444000
105,Mali,2005,12800000
300,Mali,2006,13200000
495,Mali,2007,13700000
690,Mali,2008,14100000
885,Mali,2009,14600000
1080,Mali,2010,15100000
1275,Mali,2011,15500000
1470,Mali,2012,16000000
1665,Mali,2013,16500000
1860,Mali,2014,17000000
2055,Mali,2015,17500000
2250,Mali,2016,18000000
2445,Mali,2017,18500000
2640,Mali,2018,19100000
106,Malta,2005,407000
301,Malta,2006,409000
496,Malta,2007,410000
691,Malta,2008,412000
886,Malta,2009,414000
1081,Malta,2010,416000
1276,Malta,2011,418000
1471,Malta,2012,421000
1666,Malta,2013,423000
1861,Malta,2014,426000
2056,Malta,2015,428000
2251,Malta,2016,429000
2446,Malta,2017,431000
2641,Malta,2018,432000
107,Marshall Islands,2005,52100
302,Marshall Islands,2006,52100
497,Marshall Islands,2007,52100
692,Marshall Islands,2008,52200
887,Marshall Islands,2009,52300
1082,Marshall Islands,2010,52400
1277,Marshall Islands,2011,52500
1472,Marshall Islands,2012,52700
1667,Marshall Islands,2013,52800
1862,Marshall Islands,2014,52900
2057,Marshall Islands,2015,53000
2252,Marshall Islands,2016,53100
2447,Marshall Islands,2017,53100
2642,Marshall Islands,2018,53200
108,Mauritania,2005,3130000
303,Mauritania,2006,3220000
498,Mauritania,2007,3310000
693,Mauritania,2008,3410000
888,Mauritania,2009,3510000
1083,Mauritania,2010,3610000
1278,Mauritania,2011,3720000
1473,Mauritania,2012,3830000
1668,Mauritania,2013,3950000
1863,Mauritania,2014,4060000
2058,Mauritania,2015,4180000
2253,Mauritania,2016,4300000
2448,Mauritania,2017,4420000
2643,Mauritania,2018,4540000
109,Mauritius,2005,1220000
304,Mauritius,2006,1230000
499,Mauritius,2007,1230000
694,Mauritius,2008,1240000
889,Mauritius,2009,1240000
1084,Mauritius,2010,1250000
1279,Mauritius,2011,1250000
1474,Mauritius,2012,1250000
1669,Mauritius,2013,1260000
1864,Mauritius,2014,1260000
2059,Mauritius,2015,1260000
2254,Mauritius,2016,1260000
2449,Mauritius,2017,1270000
2644,Mauritius,2018,1270000
110,Mexico,2005,108000000
305,Mexico,2006,110000000
500,Mexico,2007,112000000
695,Mexico,2008,114000000
890,Mexico,2009,116000000
1085,Mexico,2010,117000000
1280,Mexico,2011,119000000
1475,Mexico,2012,121000000
1670,Mexico,2013,123000000
1865,Mexico,2014,124000000
2060,Mexico,2015,126000000
2255,Mexico,2016,128000000
2450,Mexico,2017,129000000
2645,Mexico,2018,131000000
111,"Micronesia, Fed. Sts.",2005,106000
306,"Micronesia, Fed. Sts.",2006,106000
501,"Micronesia, Fed. Sts.",2007,105000
696,"Micronesia, Fed. Sts.",2008,104000
891,"Micronesia, Fed. Sts.",2009,104000
1086,"Micronesia, Fed. Sts.",2010,104000
1281,"Micronesia, Fed. Sts.",2011,103000
1476,"Micronesia, Fed. Sts.",2012,104000
1671,"Micronesia, Fed. Sts.",2013,104000
1866,"Micronesia, Fed. Sts.",2014,104000
2061,"Micronesia, Fed. Sts.",2015,104000
2256,"Micronesia, Fed. Sts.",2016,105000
2451,"Micronesia, Fed. Sts.",2017,106000
2646,"Micronesia, Fed. Sts.",2018,106000
112,Moldova,2005,4160000
307,Moldova,2006,4140000
502,Moldova,2007,4130000
697,Moldova,2008,4110000
892,Moldova,2009,4100000
1087,Moldova,2010,4080000
1282,Moldova,2011,4080000
1477,Moldova,2012,4070000
1672,Moldova,2013,4070000
1867,Moldova,2014,4070000
2062,Moldova,2015,4070000
2257,Moldova,2016,4060000
2452,Moldova,2017,4050000
2647,Moldova,2018,4040000
113,Monaco,2005,33800
308,Monaco,2006,34400
503,Monaco,2007,35100
698,Monaco,2008,35900
893,Monaco,2009,36500
1088,Monaco,2010,37100
1283,Monaco,2011,37500
1478,Monaco,2012,37800
1673,Monaco,2013,38000
1868,Monaco,2014,38100
2063,Monaco,2015,38300
2258,Monaco,2016,38500
2453,Monaco,2017,38700
2648,Monaco,2018,38900
114,Mongolia,2005,2530000
309,Mongolia,2006,2560000
504,Mongolia,2007,2590000
699,Mongolia,2008,2630000
894,Mongolia,2009,2670000
1089,Mongolia,2010,2710000
1284,Mongolia,2011,2760000
1479,Mongolia,2012,2810000
1674,Mongolia,2013,2870000
1869,Mongolia,2014,2920000
2064,Mongolia,2015,2980000
2259,Mongolia,2016,3030000
2454,Mongolia,2017,3080000
2649,Mongolia,2018,3120000
115,Montenegro,2005,616000
310,Montenegro,2006,618000
505,Montenegro,2007,619000
700,Montenegro,2008,621000
895,Montenegro,2009,623000
1090,Montenegro,2010,624000
1285,Montenegro,2011,625000
1480,Montenegro,2012,626000
1675,Montenegro,2013,627000
1870,Montenegro,2014,628000
2065,Montenegro,2015,628000
2260,Montenegro,2016,629000
2455,Montenegro,2017,629000
2650,Montenegro,2018,629000
116,Morocco,2005,30500000
311,Morocco,2006,30900000
506,Morocco,2007,31200000
701,Morocco,2008,31600000
896,Morocco,2009,32000000
1091,Morocco,2010,32400000
1286,Morocco,2011,32900000
1481,Morocco,2012,33300000
1676,Morocco,2013,33800000
1871,Morocco,2014,34300000
2066,Morocco,2015,34800000
2261,Morocco,2016,35300000
2456,Morocco,2017,35700000
2651,Morocco,2018,36200000
117,Mozambique,2005,20900000
312,Mozambique,2006,21500000
507,Mozambique,2007,22200000
702,Mozambique,2008,22800000
897,Mozambique,2009,23500000
1092,Mozambique,2010,24200000
1287,Mozambique,2011,24900000
1482,Mozambique,2012,25700000
1677,Mozambique,2013,26400000
1872,Mozambique,2014,27200000
2067,Mozambique,2015,28000000
2262,Mozambique,2016,28800000
2457,Mozambique,2017,29700000
2652,Mozambique,2018,30500000
118,Myanmar,2005,48500000
313,Myanmar,2006,48800000
508,Myanmar,2007,49200000
703,Myanmar,2008,49500000
898,Myanmar,2009,49800000
1093,Myanmar,2010,50200000
1288,Myanmar,2011,50600000
1483,Myanmar,2012,51000000
1678,Myanmar,2013,51400000
1873,Myanmar,2014,51900000
2068,Myanmar,2015,52400000
2263,Myanmar,2016,52900000
2458,Myanmar,2017,53400000
2653,Myanmar,2018,53900000
119,Namibia,2005,2030000
314,Namibia,2006,2060000
509,Namibia,2007,2080000
704,Namibia,2008,2110000
899,Namibia,2009,2140000
1094,Namibia,2010,2170000
1289,Namibia,2011,2220000
1484,Namibia,2012,2260000
1679,Namibia,2013,2320000
1874,Namibia,2014,2370000
2069,Namibia,2015,2430000
2264,Namibia,2016,2480000
2459,Namibia,2017,2530000
2654,Namibia,2018,2590000
120,Nauru,2005,10100
315,Nauru,2006,10100
510,Nauru,2007,10000
705,Nauru,2008,9950
900,Nauru,2009,9950
1095,Nauru,2010,10000
1290,Nauru,2011,10200
1485,Nauru,2012,10500
1680,Nauru,2013,10800
1875,Nauru,2014,11100
2070,Nauru,2015,11300
2265,Nauru,2016,11300
2460,Nauru,2017,11400
2655,Nauru,2018,11300
121,Nepal,2005,25600000
316,Nepal,2006,25900000
511,Nepal,2007,26200000
706,Nepal,2008,26500000
901,Nepal,2009,26700000
1096,Nepal,2010,27000000
1291,Nepal,2011,27300000
1486,Nepal,2012,27600000
1681,Nepal,2013,28000000
1876,Nepal,2014,28300000
2071,Nepal,2015,28700000
2266,Nepal,2016,29000000
2461,Nepal,2017,29300000
2656,Nepal,2018,29600000
122,Netherlands,2005,16400000
317,Netherlands,2006,16400000
512,Netherlands,2007,16500000
707,Netherlands,2008,16600000
902,Netherlands,2009,16600000
1097,Netherlands,2010,16700000
1292,Netherlands,2011,16700000
1487,Netherlands,2012,16800000
1682,Netherlands,2013,16800000
1877,Netherlands,2014,16900000
2072,Netherlands,2015,16900000
2267,Netherlands,2016,17000000
2462,Netherlands,2017,17000000
2657,Netherlands,2018,17100000
123,New Zealand,2005,4140000
318,New Zealand,2006,4190000
513,New Zealand,2007,4230000
708,New Zealand,2008,4280000
903,New Zealand,2009,4320000
1098,New Zealand,2010,4370000
1293,New Zealand,2011,4420000
1488,New Zealand,2012,4470000
1683,New Zealand,2013,4520000
1878,New Zealand,2014,4570000
2073,New Zealand,2015,4610000
2268,New Zealand,2016,4660000
2463,New Zealand,2017,4710000
2658,New Zealand,2018,4750000
124,Nicaragua,2005,5380000
319,Nicaragua,2006,5450000
514,Nicaragua,2007,5520000
709,Nicaragua,2008,5590000
904,Nicaragua,2009,5670000
1099,Nicaragua,2010,5740000
1294,Nicaragua,2011,5810000
1489,Nicaragua,2012,5880000
1684,Nicaragua,2013,5950000
1879,Nicaragua,2014,6010000
2074,Nicaragua,2015,6080000
2269,Nicaragua,2016,6150000
2464,Nicaragua,2017,6220000
2659,Nicaragua,2018,6280000
125,Niger,2005,13600000
320,Niger,2006,14100000
515,Niger,2007,14700000
710,Niger,2008,15200000
905,Niger,2009,15800000
1100,Niger,2010,16400000
1295,Niger,2011,17100000
1490,Niger,2012,17700000
1685,Niger,2013,18400000
1880,Niger,2014,19100000
2075,Niger,2015,19900000
2270,Niger,2016,20700000
2465,Niger,2017,21500000
2660,Niger,2018,22300000
126,Nigeria,2005,139000000
321,Nigeria,2006,143000000
516,Nigeria,2007,146000000
711,Nigeria,2008,150000000
906,Nigeria,2009,154000000
1101,Nigeria,2010,159000000
1296,Nigeria,2011,163000000
1491,Nigeria,2012,167000000
1686,Nigeria,2013,172000000
1881,Nigeria,2014,176000000
2076,Nigeria,2015,181000000
2271,Nigeria,2016,186000000
2466,Nigeria,2017,191000000
2661,Nigeria,2018,196000000
127,North Korea,2005,23900000
322,North Korea,2006,24100000
517,North Korea,2007,24200000
712,North Korea,2008,24300000
907,North Korea,2009,24500000
1102,North Korea,2010,24600000
1297,North Korea,2011,24700000
1492,North Korea,2012,24900000
1687,North Korea,2013,25000000
1882,North Korea,2014,25100000
2077,North Korea,2015,25200000
2272,North Korea,2016,25400000
2467,North Korea,2017,25500000
2662,North Korea,2018,25600000
128,Norway,2005,4630000
323,Norway,2006,4670000
518,Norway,2007,4720000
713,Norway,2008,4770000
908,Norway,2009,4830000
1103,Norway,2010,4890000
1298,Norway,2011,4950000
1493,Norway,2012,5010000
1688,Norway,2013,5080000
1883,Norway,2014,5140000
2078,Norway,2015,5200000
2273,Norway,2016,5250000
2468,Norway,2017,5310000
2663,Norway,2018,5350000
129,Oman,2005,2510000
324,Oman,2006,2580000
519,Oman,2007,2660000
714,Oman,2008,2760000
909,Oman,2009,2880000
1104,Oman,2010,3040000
1299,Oman,2011,3240000
1494,Oman,2012,3460000
1689,Oman,2013,3710000
1884,Oman,2014,3960000
2079,Oman,2015,4200000
2274,Oman,2016,4420000
2469,Oman,2017,4640000
2664,Oman,2018,4830000
130,Pakistan,2005,154000000
325,Pakistan,2006,157000000
520,Pakistan,2007,160000000
715,Pakistan,2008,164000000
910,Pakistan,2009,167000000
1105,Pakistan,2010,171000000
1300,Pakistan,2011,174000000
1495,Pakistan,2012,178000000
1690,Pakistan,2013,182000000
1885,Pakistan,2014,186000000
2080,Pakistan,2015,189000000
2275,Pakistan,2016,193000000
2470,Pakistan,2017,197000000
2665,Pakistan,2018,201000000
131,Palau,2005,19900
326,Palau,2006,20000
521,Palau,2007,20100
716,Palau,2008,20200
911,Palau,2009,20300
1106,Palau,2010,20500
1301,Palau,2011,20600
1496,Palau,2012,20800
1691,Palau,2013,20900
1886,Palau,2014,21100
2081,Palau,2015,21300
2276,Palau,2016,21500
2471,Palau,2017,21700
2666,Palau,2018,22000
132,Palestine,2005,3580000
327,Palestine,2006,3660000
522,Palestine,2007,3750000
717,Palestine,2008,3850000
912,Palestine,2009,3960000
1107,Palestine,2010,4070000
1302,Palestine,2011,4180000
1497,Palestine,2012,4290000
1692,Palestine,2013,4410000
1887,Palestine,2014,4540000
2082,Palestine,2015,4660000
2277,Palestine,2016,4790000
2472,Palestine,2017,4920000
2667,Palestine,2018,5050000
133,Panama,2005,3330000
328,Panama,2006,3390000
523,Panama,2007,3450000
718,Panama,2008,3520000
913,Panama,2009,3580000
1108,Panama,2010,3640000
1303,Panama,2011,3710000
1498,Panama,2012,3770000
1693,Panama,2013,3840000
1888,Panama,2014,3900000
2083,Panama,2015,3970000
2278,Panama,2016,4030000
2473,Panama,2017,4100000
2668,Panama,2018,4160000
134,Papua New Guinea,2005,6310000
329,Papua New Guinea,2006,6470000
524,Papua New Guinea,2007,6630000
719,Papua New Guinea,2008,6790000
914,Papua New Guinea,2009,6950000
1109,Papua New Guinea,2010,7110000
1304,Papua New Guinea,2011,7270000
1499,Papua New Guinea,2012,7430000
1694,Papua New Guinea,2013,7590000
1889,Papua New Guinea,2014,7760000
2084,Papua New Guinea,2015,7920000
2279,Papua New Guinea,2016,8080000
2474,Papua New Guinea,2017,8250000
2669,Papua New Guinea,2018,8420000
135,Paraguay,2005,5800000
330,Paraguay,2006,5880000
525,Paraguay,2007,5970000
720,Paraguay,2008,6050000
915,Paraguay,2009,6130000
1110,Paraguay,2010,6210000
1305,Paraguay,2011,6290000
1500,Paraguay,2012,6380000
1695,Paraguay,2013,6470000
1890,Paraguay,2014,6550000
2085,Paraguay,2015,6640000
2280,Paraguay,2016,6730000
2475,Paraguay,2017,6810000
2670,Paraguay,2018,6900000
136,Peru,2005,27600000
331,Peru,2006,27900000
526,Peru,2007,28300000
721,Peru,2008,28600000
916,Peru,2009,29000000
1111,Peru,2010,29400000
1306,Peru,2011,29800000
1501,Peru,2012,30200000
1696,Peru,2013,30600000
1891,Peru,2014,31000000
2086,Peru,2015,31400000
2281,Peru,2016,31800000
2476,Peru,2017,32200000
2671,Peru,2018,32600000
137,Philippines,2005,86300000
332,Philippines,2006,87800000
527,Philippines,2007,89300000
722,Philippines,2008,90800000
917,Philippines,2009,92200000
1112,Philippines,2010,93700000
1307,Philippines,2011,95300000
1502,Philippines,2012,96900000
1697,Philippines,2013,98500000
1892,Philippines,2014,100000000
2087,Philippines,2015,102000000
2282,Philippines,2016,103000000
2477,Philippines,2017,105000000
2672,Philippines,2018,107000000
138,Poland,2005,38400000
333,Poland,2006,38300000
528,Poland,2007,38300000
723,Poland,2008,38300000
918,Poland,2009,38300000
1113,Poland,2010,38300000
1308,Poland,2011,38300000
1503,Poland,2012,38300000
1698,Poland,2013,38300000
1893,Poland,2014,38300000
2088,Poland,2015,38300000
2283,Poland,2016,38200000
2478,Poland,2017,38200000
2673,Poland,2018,38100000
139,Portugal,2005,10600000
334,Portugal,2006,10600000
529,Portugal,2007,10600000
724,Portugal,2008,10700000
919,Portugal,2009,10700000
1114,Portugal,2010,10700000
1309,Portugal,2011,10600000
1504,Portugal,2012,10600000
1699,Portugal,2013,10500000
1894,Portugal,2014,10500000
2089,Portugal,2015,10400000
2284,Portugal,2016,10400000
2479,Portugal,2017,10300000
2674,Portugal,2018,10300000
140,Qatar,2005,865000
335,Qatar,2006,1010000
530,Qatar,2007,1190000
725,Qatar,2008,1390000
920,Qatar,2009,1590000
1115,Qatar,2010,1780000
1310,Qatar,2011,1950000
1505,Qatar,2012,2110000
1700,Qatar,2013,2250000
1895,Qatar,2014,2370000
2090,Qatar,2015,2480000
2285,Qatar,2016,2570000
2480,Qatar,2017,2640000
2675,Qatar,2018,2690000
141,Romania,2005,21400000
336,Romania,2006,21200000
531,Romania,2007,21000000
726,Romania,2008,20800000
921,Romania,2009,20600000
1116,Romania,2010,20400000
1311,Romania,2011,20300000
1506,Romania,2012,20200000
1701,Romania,2013,20100000
1896,Romania,2014,20000000
2091,Romania,2015,19900000
2286,Romania,2016,19800000
2481,Romania,2017,19700000
2676,Romania,2018,19600000
142,Russia,2005,144000000
337,Russia,2006,143000000
532,Russia,2007,143000000
727,Russia,2008,143000000
922,Russia,2009,143000000
1117,Russia,2010,143000000
1312,Russia,2011,143000000
1507,Russia,2012,143000000
1702,Russia,2013,144000000
1897,Russia,2014,144000000
2092,Russia,2015,144000000
2287,Russia,2016,144000000
2482,Russia,2017,144000000
2677,Russia,2018,144000000
143,Rwanda,2005,8990000
338,Rwanda,2006,9210000
533,Rwanda,2007,9450000
728,Rwanda,2008,9710000
923,Rwanda,2009,9980000
1118,Rwanda,2010,10200000
1313,Rwanda,2011,10500000
1508,Rwanda,2012,10800000
1703,Rwanda,2013,11100000
1898,Rwanda,2014,11300000
2093,Rwanda,2015,11600000
2288,Rwanda,2016,11900000
2483,Rwanda,2017,12200000
2678,Rwanda,2018,12500000
144,Samoa,2005,180000
339,Samoa,2006,181000
534,Samoa,2007,182000
729,Samoa,2008,184000
924,Samoa,2009,185000
1119,Samoa,2010,186000
1314,Samoa,2011,188000
1509,Samoa,2012,189000
1704,Samoa,2013,191000
1899,Samoa,2014,192000
2094,Samoa,2015,194000
2289,Samoa,2016,195000
2484,Samoa,2017,196000
2679,Samoa,2018,198000
145,San Marino,2005,29200
340,San Marino,2006,29600
535,San Marino,2007,30000
730,San Marino,2008,30400
925,San Marino,2009,30700
1120,San Marino,2010,31100
1315,San Marino,2011,31500
1510,San Marino,2012,31900
1705,San Marino,2013,32300
1900,San Marino,2014,32700
2095,San Marino,2015,33000
2290,San Marino,2016,33200
2485,San Marino,2017,33400
2680,San Marino,2018,33600
146,Sao Tome and Principe,2005,156000
341,Sao Tome and Principe,2006,159000
536,Sao Tome and Principe,2007,163000
731,Sao Tome and Principe,2008,167000
926,Sao Tome and Principe,2009,171000
1121,Sao Tome and Principe,2010,175000
1316,Sao Tome and Principe,2011,179000
1511,Sao Tome and Principe,2012,183000
1706,Sao Tome and Principe,2013,187000
1901,Sao Tome and Principe,2014,191000
2096,Sao Tome and Principe,2015,196000
2291,Sao Tome and Principe,2016,200000
2486,Sao Tome and Principe,2017,204000
2681,Sao Tome and Principe,2018,209000
147,Saudi Arabia,2005,23900000
342,Saudi Arabia,2006,24600000
537,Saudi Arabia,2007,25300000
732,Saudi Arabia,2008,25900000
927,Saudi Arabia,2009,26700000
1122,Saudi Arabia,2010,27400000
1317,Saudi Arabia,2011,28200000
1512,Saudi Arabia,2012,29100000
1707,Saudi Arabia,2013,29900000
1902,Saudi Arabia,2014,30800000
2097,Saudi Arabia,2015,31600000
2292,Saudi Arabia,2016,32300000
2487,Saudi Arabia,2017,32900000
2682,Saudi Arabia,2018,33600000
148,Senegal,2005,11300000
343,Senegal,2006,11600000
538,Senegal,2007,11900000
733,Senegal,2008,12200000
928,Senegal,2009,12600000
1123,Senegal,2010,12900000
1318,Senegal,2011,13300000
1513,Senegal,2012,13700000
1708,Senegal,2013,14100000
1903,Senegal,2014,14500000
2098,Senegal,2015,15000000
2293,Senegal,2016,15400000
2488,Senegal,2017,15900000
2683,Senegal,2018,16300000
149,Serbia,2005,9210000
344,Serbia,2006,9170000
539,Serbia,2007,9140000
734,Serbia,2008,9100000
929,Serbia,2009,9060000
1124,Serbia,2010,9030000
1319,Serbia,2011,8990000
1514,Serbia,2012,8960000
1709,Serbia,2013,8920000
1904,Serbia,2014,8880000
2099,Serbia,2015,8850000
2294,Serbia,2016,8820000
2489,Serbia,2017,8790000
2684,Serbia,2018,8760000
150,Seychelles,2005,88700
345,Seychelles,2006,89700
540,Seychelles,2007,90300
735,Seychelles,2008,90700
930,Seychelles,2009,91000
1125,Seychelles,2010,91400
1320,Seychelles,2011,91800
1515,Seychelles,2012,92300
1710,Seychelles,2013,92800
1905,Seychelles,2014,93300
2100,Seychelles,2015,93700
2295,Seychelles,2016,94200
2490,Seychelles,2017,94700
2685,Seychelles,2018,95200
151,Sierra Leone,2005,5660000
346,Sierra Leone,2006,5850000
541,Sierra Leone,2007,6020000
736,Sierra Leone,2008,6170000
931,Sierra Leone,2009,6310000
1126,Sierra Leone,2010,6460000
1321,Sierra Leone,2011,6610000
1516,Sierra Leone,2012,6770000
1711,Sierra Leone,2013,6920000
1906,Sierra Leone,2014,7080000
2101,Sierra Leone,2015,7240000
2296,Sierra Leone,2016,7400000
2491,Sierra Leone,2017,7560000
2686,Sierra Leone,2018,7720000
152,Singapore,2005,4490000
347,Singapore,2006,4610000
542,Singapore,2007,4730000
737,Singapore,2008,4850000
932,Singapore,2009,4970000
1127,Singapore,2010,5070000
1322,Singapore,2011,5180000
1517,Singapore,2012,5270000
1712,Singapore,2013,5360000
1907,Singapore,2014,5450000
2102,Singapore,2015,5540000
2297,Singapore,2016,5620000
2492,Singapore,2017,5710000
2687,Singapore,2018,5790000
153,Slovak Republic,2005,5400000
348,Slovak Republic,2006,5400000
543,Slovak Republic,2007,5400000
738,Slovak Republic,2008,5400000
933,Slovak Republic,2009,5400000
1128,Slovak Republic,2010,5400000
1323,Slovak Republic,2011,5410000
1518,Slovak Republic,2012,5420000
1713,Slovak Republic,2013,5430000
1908,Slovak Republic,2014,5430000
2103,Slovak Republic,2015,5440000
2298,Slovak Republic,2016,5440000
2493,Slovak Republic,2017,5450000
2688,Slovak Republic,2018,5450000
154,Slovenia,2005,2000000
349,Slovenia,2006,2000000
544,Slovenia,2007,2010000
739,Slovenia,2008,2020000
934,Slovenia,2009,2040000
1129,Slovenia,2010,2050000
1324,Slovenia,2011,2050000
1519,Slovenia,2012,2060000
1714,Slovenia,2013,2070000
1909,Slovenia,2014,2070000
2104,Slovenia,2015,2070000
2299,Slovenia,2016,2080000
2494,Slovenia,2017,2080000
2689,Slovenia,2018,2080000
155,Solomon Islands,2005,470000
350,Solomon Islands,2006,481000
545,Solomon Islands,2007,493000
740,Solomon Islands,2008,504000
935,Solomon Islands,2009,516000
1130,Solomon Islands,2010,528000
1325,Solomon Islands,2011,540000
1520,Solomon Islands,2012,552000
1715,Solomon Islands,2013,564000
1910,Solomon Islands,2014,576000
2105,Solomon Islands,2015,587000
2300,Solomon Islands,2016,599000
2495,Solomon Islands,2017,611000
2690,Solomon Islands,2018,623000
156,Somalia,2005,10400000
351,Somalia,2006,10700000
546,Somalia,2007,11000000
741,Somalia,2008,11400000
936,Somalia,2009,11700000
1131,Somalia,2010,12100000
1326,Somalia,2011,12400000
1521,Somalia,2012,12800000
1716,Somalia,2013,13100000
1911,Somalia,2014,13500000
2106,Somalia,2015,13900000
2301,Somalia,2016,14300000
2496,Somalia,2017,14700000
2691,Somalia,2018,15200000
157,South Africa,2005,48800000
352,South Africa,2006,49400000
547,South Africa,2007,49900000
742,South Africa,2008,50400000
937,South Africa,2009,51000000
1132,South Africa,2010,51600000
1327,South Africa,2011,52300000
1522,South Africa,2012,53000000
1717,South Africa,2013,53800000
1912,South Africa,2014,54500000
2107,South Africa,2015,55300000
2302,South Africa,2016,56000000
2497,South Africa,2017,56700000
2692,South Africa,2018,57400000
158,South Korea,2005,48700000
353,South Korea,2006,48900000
548,South Korea,2007,49100000
743,South Korea,2008,49200000
938,South Korea,2009,49400000
1133,South Korea,2010,49600000
1328,South Korea,2011,49700000
1523,South Korea,2012,50000000
1718,South Korea,2013,50200000
1913,South Korea,2014,50400000
2108,South Korea,2015,50600000
2303,South Korea,2016,50800000
2498,South Korea,2017,51000000
2693,South Korea,2018,51200000
159,South Sudan,2005,8110000
354,South Sudan,2006,8470000
549,South Sudan,2007,8860000
744,South Sudan,2008,9260000
939,South Sudan,2009,9670000
1134,South Sudan,2010,10100000
1329,South Sudan,2011,10400000
1524,South Sudan,2012,10800000
1719,South Sudan,2013,11200000
1914,South Sudan,2014,11500000
2109,South Sudan,2015,11900000
2304,South Sudan,2016,12200000
2499,South Sudan,2017,12600000
2694,South Sudan,2018,12900000
160,Spain,2005,44000000
355,Spain,2006,44700000
550,Spain,2007,45400000
745,Spain,2008,46000000
940,Spain,2009,46500000
1135,Spain,2010,46800000
1330,Spain,2011,46900000
1525,Spain,2012,46900000
1720,Spain,2013,46700000
1915,Spain,2014,46500000
2110,Spain,2015,46400000
2305,Spain,2016,46300000
2500,Spain,2017,46400000
2695,Spain,2018,46400000
161,Sri Lanka,2005,19500000
356,Sri Lanka,2006,19700000
551,Sri Lanka,2007,19800000
746,Sri Lanka,2008,19900000
941,Sri Lanka,2009,20100000
1136,Sri Lanka,2010,20200000
1331,Sri Lanka,2011,20300000
1526,Sri Lanka,2012,20400000
1721,Sri Lanka,2013,20500000
1916,Sri Lanka,2014,20600000
2111,Sri Lanka,2015,20700000
2306,Sri Lanka,2016,20800000
2501,Sri Lanka,2017,20900000
2696,Sri Lanka,2018,21000000
162,St. Kitts and Nevis,2005,48600
357,St. Kitts and Nevis,2006,49200
552,St. Kitts and Nevis,2007,49800
747,St. Kitts and Nevis,2008,50300
942,St. Kitts and Nevis,2009,50900
1137,St. Kitts and Nevis,2010,51400
1332,St. Kitts and Nevis,2011,52000
1527,St. Kitts and Nevis,2012,52600
1722,St. Kitts and Nevis,2013,53200
1917,St. Kitts and Nevis,2014,53700
2112,St. Kitts and Nevis,2015,54300
2307,St. Kitts and Nevis,2016,54800
2502,St. Kitts and Nevis,2017,55300
2697,St. Kitts and Nevis,2018,55900
163,St. Lucia,2005,164000
358,St. Lucia,2006,165000
553,St. Lucia,2007,167000
748,St. Lucia,2008,169000
943,St. Lucia,2009,171000
1138,St. Lucia,2010,173000
1333,St. Lucia,2011,174000
1528,St. Lucia,2012,175000
1723,St. Lucia,2013,176000
1918,St. Lucia,2014,176000
2113,St. Lucia,2015,177000
2308,St. Lucia,2016,178000
2503,St. Lucia,2017,179000
2698,St. Lucia,2018,180000
164,St. Vincent and the Grenadines,2005,109000
359,St. Vincent and the Grenadines,2006,109000
554,St. Vincent and the Grenadines,2007,109000
749,St. Vincent and the Grenadines,2008,109000
944,St. Vincent and the Grenadines,2009,109000
1139,St. Vincent and the Grenadines,2010,109000
1334,St. Vincent and the Grenadines,2011,109000
1529,St. Vincent and the Grenadines,2012,109000
1724,St. Vincent and the Grenadines,2013,109000
1919,St. Vincent and the Grenadines,2014,109000
2114,St. Vincent and the Grenadines,2015,109000
2309,St. Vincent and the Grenadines,2016,110000
2504,St. Vincent and the Grenadines,2017,110000
2699,St. Vincent and the Grenadines,2018,110000
165,Sudan,2005,30900000
360,Sudan,2006,31600000
555,Sudan,2007,32300000
750,Sudan,2008,33000000
945,Sudan,2009,33700000
1140,Sudan,2010,34400000
1335,Sudan,2011,35200000
1530,Sudan,2012,36000000
1725,Sudan,2013,36800000
1920,Sudan,2014,37700000
2115,Sudan,2015,38600000
2310,Sudan,2016,39600000
2505,Sudan,2017,40500000
2700,Sudan,2018,41500000
166,Suriname,2005,499000
361,Suriname,2006,504000
556,Suriname,2007,510000
751,Suriname,2008,515000
946,Suriname,2009,521000
1141,Suriname,2010,526000
1336,Suriname,2011,532000
1531,Suriname,2012,537000
1726,Suriname,2013,543000
1921,Suriname,2014,548000
2116,Suriname,2015,553000
2311,Suriname,2016,558000
2506,Suriname,2017,563000
2701,Suriname,2018,568000
167,Swaziland,2005,1110000
362,Swaziland,2006,1120000
557,Swaziland,2007,1140000
752,Swaziland,2008,1160000
947,Swaziland,2009,1180000
1142,Swaziland,2010,1200000
1337,Swaziland,2011,1230000
1532,Swaziland,2012,1250000
1727,Swaziland,2013,1270000
1922,Swaziland,2014,1300000
2117,Swaziland,2015,1320000
2312,Swaziland,2016,1340000
2507,Swaziland,2017,1370000
2702,Swaziland,2018,1390000
168,Sweden,2005,9040000
363,Sweden,2006,9100000
558,Sweden,2007,9160000
753,Sweden,2008,9240000
948,Sweden,2009,9310000
1143,Sweden,2010,9390000
1338,Sweden,2011,9470000
1533,Sweden,2012,9540000
1728,Sweden,2013,9620000
1923,Sweden,2014,9690000
2118,Sweden,2015,9760000
2313,Sweden,2016,9840000
2508,Sweden,2017,9910000
2703,Sweden,2018,9980000
169,Switzerland,2005,7410000
364,Switzerland,2006,7480000
559,Switzerland,2007,7560000
754,Switzerland,2008,7650000
949,Switzerland,2009,7740000
1144,Switzerland,2010,7830000
1339,Switzerland,2011,7930000
1534,Switzerland,2012,8030000
1729,Switzerland,2013,8130000
1924,Switzerland,2014,8230000
2119,Switzerland,2015,8320000
2314,Switzerland,2016,8400000
2509,Switzerland,2017,8480000
2704,Switzerland,2018,8540000
170,Syria,2005,18300000
365,Syria,2006,18900000
560,Syria,2007,19600000
755,Syria,2008,20300000
950,Syria,2009,20800000
1145,Syria,2010,21000000
1340,Syria,2011,20900000
1535,Syria,2012,20400000
1730,Syria,2013,19800000
1925,Syria,2014,19200000
2120,Syria,2015,18700000
2315,Syria,2016,18400000
2510,Syria,2017,18300000
2705,Syria,2018,18300000
171,Tajikistan,2005,6850000
366,Tajikistan,2006,7000000
561,Tajikistan,2007,7150000
756,Tajikistan,2008,7310000
951,Tajikistan,2009,7470000
1146,Tajikistan,2010,7640000
1341,Tajikistan,2011,7820000
1536,Tajikistan,2012,8000000
1731,Tajikistan,2013,8180000
1926,Tajikistan,2014,8360000
2121,Tajikistan,2015,8550000
2316,Tajikistan,2016,8730000
2511,Tajikistan,2017,8920000
2706,Tajikistan,2018,9110000
172,Tanzania,2005,39400000
367,Tanzania,2006,40600000
562,Tanzania,2007,41900000
757,Tanzania,2008,43300000
952,Tanzania,2009,44700000
1147,Tanzania,2010,46100000
1342,Tanzania,2011,47600000
1537,Tanzania,2012,49100000
1732,Tanzania,2013,50600000
1927,Tanzania,2014,52200000
2122,Tanzania,2015,53900000
2317,Tanzania,2016,55600000
2512,Tanzania,2017,57300000
2707,Tanzania,2018,59100000
173,Thailand,2005,65400000
368,Thailand,2006,65800000
563,Thailand,2007,66200000
758,Thailand,2008,66500000
953,Thailand,2009,66900000
1148,Thailand,2010,67200000
1343,Thailand,2011,67500000
1538,Thailand,2012,67800000
1733,Thailand,2013,68100000
1928,Thailand,2014,68400000
2123,Thailand,2015,68700000
2318,Thailand,2016,68900000
2513,Thailand,2017,69000000
2708,Thailand,2018,69200000
174,Timor-Leste,2005,1030000
369,Timor-Leste,2006,1050000
564,Timor-Leste,2007,1060000
759,Timor-Leste,2008,1080000
954,Timor-Leste,2009,1090000
1149,Timor-Leste,2010,1110000
1344,Timor-Leste,2011,1130000
1539,Timor-Leste,2012,1160000
1734,Timor-Leste,2013,1180000
1929,Timor-Leste,2014,1210000
2124,Timor-Leste,2015,1240000
2319,Timor-Leste,2016,1270000
2514,Timor-Leste,2017,1300000
2709,Timor-Leste,2018,1320000
175,Togo,2005,5680000
370,Togo,2006,5840000
565,Togo,2007,6000000
760,Togo,2008,6160000
955,Togo,2009,6330000
1150,Togo,2010,6500000
1345,Togo,2011,6680000
1540,Togo,2012,6860000
1735,Togo,2013,7040000
1930,Togo,2014,7230000
2125,Togo,2015,7420000
2320,Togo,2016,7610000
2515,Togo,2017,7800000
2710,Togo,2018,7990000
176,Tonga,2005,101000
371,Tonga,2006,102000
566,Tonga,2007,102000
761,Tonga,2008,103000
956,Tonga,2009,104000
1151,Tonga,2010,104000
1346,Tonga,2011,105000
1541,Tonga,2012,105000
1736,Tonga,2013,105000
1931,Tonga,2014,106000
2126,Tonga,2015,106000
2321,Tonga,2016,107000
2516,Tonga,2017,108000
2711,Tonga,2018,109000
177,Trinidad and Tobago,2005,1300000
372,Trinidad and Tobago,2006,1300000
567,Trinidad and Tobago,2007,1310000
762,Trinidad and Tobago,2008,1320000
957,Trinidad and Tobago,2009,1320000
1152,Trinidad and Tobago,2010,1330000
1347,Trinidad and Tobago,2011,1330000
1542,Trinidad and Tobago,2012,1340000
1737,Trinidad and Tobago,2013,1350000
1932,Trinidad and Tobago,2014,1350000
2127,Trinidad and Tobago,2015,1360000
2322,Trinidad and Tobago,2016,1360000
2517,Trinidad and Tobago,2017,1370000
2712,Trinidad and Tobago,2018,1370000
178,Tunisia,2005,10100000
373,Tunisia,2006,10200000
568,Tunisia,2007,10300000
763,Tunisia,2008,10400000
958,Tunisia,2009,10500000
1153,Tunisia,2010,10600000
1348,Tunisia,2011,10800000
1543,Tunisia,2012,10900000
1738,Tunisia,2013,11000000
1933,Tunisia,2014,11100000
2128,Tunisia,2015,11300000
2323,Tunisia,2016,11400000
2518,Tunisia,2017,11500000
2713,Tunisia,2018,11700000
179,Turkey,2005,67900000
374,Turkey,2006,68800000
569,Turkey,2007,69600000
764,Turkey,2008,70400000
959,Turkey,2009,71300000
1154,Turkey,2010,72300000
1349,Turkey,2011,73400000
1544,Turkey,2012,74600000
1739,Turkey,2013,75800000
1934,Turkey,2014,77000000
2129,Turkey,2015,78300000
2324,Turkey,2016,79500000
2519,Turkey,2017,80700000
2714,Turkey,2018,81900000
180,Turkmenistan,2005,4750000
375,Turkmenistan,2006,4810000
570,Turkmenistan,2007,4870000
765,Turkmenistan,2008,4940000
960,Turkmenistan,2009,5010000
1155,Turkmenistan,2010,5090000
1350,Turkmenistan,2011,5170000
1545,Turkmenistan,2012,5270000
1740,Turkmenistan,2013,5370000
1935,Turkmenistan,2014,5470000
2130,Turkmenistan,2015,5570000
2325,Turkmenistan,2016,5660000
2520,Turkmenistan,2017,5760000
2715,Turkmenistan,2018,5850000
181,Tuvalu,2005,10000
376,Tuvalu,2006,10100
571,Tuvalu,2007,10200
766,Tuvalu,2008,10300
961,Tuvalu,2009,10400
1156,Tuvalu,2010,10500
1351,Tuvalu,2011,10600
1546,Tuvalu,2012,10700
1741,Tuvalu,2013,10800
1936,Tuvalu,2014,10900
2131,Tuvalu,2015,11000
2326,Tuvalu,2016,11100
2521,Tuvalu,2017,11200
2716,Tuvalu,2018,11300
182,Uganda,2005,28500000
377,Uganda,2006,29600000
572,Uganda,2007,30600000
767,Uganda,2008,31700000
962,Uganda,2009,32800000
1157,Uganda,2010,33900000
1352,Uganda,2011,35100000
1547,Uganda,2012,36300000
1742,Uganda,2013,37600000
1937,Uganda,2014,38800000
2132,Uganda,2015,40100000
2327,Uganda,2016,41500000
2522,Uganda,2017,42900000
2717,Uganda,2018,44300000
183,Ukraine,2005,46900000
378,Ukraine,2006,46600000
573,Ukraine,2007,46400000
768,Ukraine,2008,46200000
963,Ukraine,2009,46000000
1158,Ukraine,2010,45800000
1353,Ukraine,2011,45600000
1548,Ukraine,2012,45300000
1743,Ukraine,2013,45100000
1938,Ukraine,2014,44900000
2133,Ukraine,2015,44700000
2328,Ukraine,2016,44400000
2523,Ukraine,2017,44200000
2718,Ukraine,2018,44000000
184,United Arab Emirates,2005,4580000
379,United Arab Emirates,2006,5240000
574,United Arab Emirates,2007,6040000
769,United Arab Emirates,2008,6890000
964,United Arab Emirates,2009,7670000
1159,United Arab Emirates,2010,8270000
1354,United Arab Emirates,2011,8670000
1549,United Arab Emirates,2012,8900000
1744,United Arab Emirates,2013,9010000
1939,United Arab Emirates,2014,9070000
2134,United Arab Emirates,2015,9150000
2329,United Arab Emirates,2016,9270000
2524,United Arab Emirates,2017,9400000
2719,United Arab Emirates,2018,9540000
185,United Kingdom,2005,60300000
380,United Kingdom,2006,60800000
575,United Kingdom,2007,61400000
770,United Kingdom,2008,62100000
965,United Kingdom,2009,62700000
1160,United Kingdom,2010,63300000
1355,United Kingdom,2011,63800000
1550,United Kingdom,2012,64300000
1745,United Kingdom,2013,64600000
1940,United Kingdom,2014,65000000
2135,United Kingdom,2015,65400000
2330,United Kingdom,2016,65800000
2525,United Kingdom,2017,66200000
2720,United Kingdom,2018,66600000
186,United States,2005,295000000
381,United States,2006,298000000
576,United States,2007,301000000
771,United States,2008,303000000
966,United States,2009,306000000
1161,United States,2010,309000000
1356,United States,2011,311000000
1551,United States,2012,313000000
1746,United States,2013,316000000
1941,United States,2014,318000000
2136,United States,2015,320000000
2331,United States,2016,322000000
2526,United States,2017,324000000
2721,United States,2018,327000000
187,Uruguay,2005,3330000
382,Uruguay,2006,3330000
577,Uruguay,2007,3340000
772,Uruguay,2008,3350000
967,Uruguay,2009,3360000
1162,Uruguay,2010,3370000
1357,Uruguay,2011,3390000
1552,Uruguay,2012,3400000
1747,Uruguay,2013,3410000
1942,Uruguay,2014,3420000
2137,Uruguay,2015,3430000
2332,Uruguay,2016,3440000
2527,Uruguay,2017,3460000
2722,Uruguay,2018,3470000
188,Uzbekistan,2005,26500000
383,Uzbekistan,2006,26900000
578,Uzbekistan,2007,27300000
773,Uzbekistan,2008,27700000
968,Uzbekistan,2009,28200000
1163,Uzbekistan,2010,28600000
1358,Uzbekistan,2011,29100000
1553,Uzbekistan,2012,29500000
1748,Uzbekistan,2013,30000000
1943,Uzbekistan,2014,30500000
2138,Uzbekistan,2015,31000000
2333,Uzbekistan,2016,31400000
2528,Uzbekistan,2017,31900000
2723,Uzbekistan,2018,32400000
189,Vanuatu,2005,209000
384,Vanuatu,2006,215000
579,Vanuatu,2007,220000
774,Vanuatu,2008,225000
969,Vanuatu,2009,231000
1164,Vanuatu,2010,236000
1359,Vanuatu,2011,242000
1554,Vanuatu,2012,247000
1749,Vanuatu,2013,253000
1944,Vanuatu,2014,259000
2139,Vanuatu,2015,265000
2334,Vanuatu,2016,270000
2529,Vanuatu,2017,276000
2724,Vanuatu,2018,282000
190,Venezuela,2005,26800000
385,Venezuela,2006,27200000
580,Venezuela,2007,27700000
775,Venezuela,2008,28100000
970,Venezuela,2009,28600000
1165,Venezuela,2010,29000000
1360,Venezuela,2011,29500000
1555,Venezuela,2012,29900000
1750,Venezuela,2013,30300000
1945,Venezuela,2014,30700000
2140,Venezuela,2015,31200000
2335,Venezuela,2016,31600000
2530,Venezuela,2017,32000000
2725,Venezuela,2018,32400000
191,Vietnam,2005,84300000
386,Vietnam,2006,85100000
581,Vietnam,2007,85900000
776,Vietnam,2008,86700000
971,Vietnam,2009,87600000
1166,Vietnam,2010,88500000
1361,Vietnam,2011,89400000
1556,Vietnam,2012,90500000
1751,Vietnam,2013,91500000
1946,Vietnam,2014,92500000
2141,Vietnam,2015,93600000
2336,Vietnam,2016,94600000
2531,Vietnam,2017,95500000
2726,Vietnam,2018,96500000
192,Yemen,2005,20600000
387,Yemen,2006,21200000
582,Yemen,2007,21800000
777,Yemen,2008,22400000
972,Yemen,2009,23000000
1167,Yemen,2010,23600000
1362,Yemen,2011,24300000
1557,Yemen,2012,24900000
1752,Yemen,2013,25600000
1947,Yemen,2014,26200000
2142,Yemen,2015,26900000
2337,Yemen,2016,27600000
2532,Yemen,2017,28300000
2727,Yemen,2018,28900000
193,Zambia,2005,12100000
388,Zambia,2006,12400000
583,Zambia,2007,12700000
778,Zambia,2008,13100000
973,Zambia,2009,13500000
1168,Zambia,2010,13900000
1363,Zambia,2011,14300000
1558,Zambia,2012,14700000
1753,Zambia,2013,15200000
1948,Zambia,2014,15600000
2143,Zambia,2015,16100000
2338,Zambia,2016,16600000
2533,Zambia,2017,17100000
2728,Zambia,2018,17600000
194,Zimbabwe,2005,12900000
389,Zimbabwe,2006,13100000
584,Zimbabwe,2007,13300000
779,Zimbabwe,2008,13600000
974,Zimbabwe,2009,13800000
1169,Zimbabwe,2010,14100000
1364,Zimbabwe,2011,14400000
1559,Zimbabwe,2012,14700000
1754,Zimbabwe,2013,15100000
1949,Zimbabwe,2014,15400000
2144,Zimbabwe,2015,15800000
2339,Zimbabwe,2016,16200000
2534,Zimbabwe,2017,16500000
2729,Zimbabwe,2018,16900000
